Date,Meal,Menu
02-04-2018,Dinner,CHANA DAL TADKA
02-04-2018,Dinner,CHAPATI
02-04-2018,Dinner,EGG CURRY
02-04-2018,Dinner,raitha
02-04-2018,Dinner,nutrela MUTTER
02-04-2018,Dinner,SALAD HARA BHARA
02-04-2018,Dinner,SAMBAR
02-04-2018,Dinner,STEAM RICE
02-04-2018,lunch,ACHARI ALOO
02-04-2018,lunch,CHAPATI
02-04-2018,lunch,DHABA CHICKEN 
02-04-2018,lunch,GREEN SALAD
02-04-2018,lunch,raitha
02-04-2018,lunch,RAJMA RASILA
02-04-2018,lunch,Sambar
02-04-2018,lunch,STEAM RICE
03-04-2018,Dinner,CHAPATI
03-04-2018,Dinner,DHABA DAL
03-04-2018,Dinner,EGG CURRY
03-04-2018,Dinner,KADHAI VEG
03-04-2018,Dinner,raitha
03-04-2018,Dinner,MIX SALAD
03-04-2018,Dinner,Sambar
03-04-2018,Dinner,STEAM RICE
03-04-2018,Lunch,raitha
03-04-2018,Lunch,BUTTER CHICKEN
03-04-2018,Lunch,CHAPATI
03-04-2018,Lunch,Coconut LADOO
03-04-2018,Lunch,DAL TADKA
03-04-2018,Lunch,KADHAI PANEER
03-04-2018,Lunch,Sambar
03-04-2018,Lunch,SPROUT SALAD
03-04-2018,Lunch,STEAM RICE
04-04-2018,Dinner,CHAPATI
04-04-2018,Dinner,CHICKEN  CURRY
04-04-2018,Dinner,raitha
04-04-2018,Dinner,FINGER SALAD
04-04-2018,Dinner,GHIYA MASALA
04-04-2018,Dinner,KALA CHANA
04-04-2018,Dinner,Sambar
04-04-2018,Dinner,STEAM RICE
04-04-2018,Lunch,ALOO HINGH WALA
04-04-2018,Lunch,CHAPATI
04-04-2018,Lunch,CHUTNEY
04-04-2018,Lunch,EGG MASALA
04-04-2018,Lunch,LACHA ONION
04-04-2018,Lunch,PANJABI KADHI
04-04-2018,Lunch,Sambar
04-04-2018,Lunch,STEAM RICE
05-04-2018,Dinner,BLACK MASOOR DAL
05-04-2018,Dinner,CHAPATI
05-04-2018,Dinner,DUMALOO
05-04-2018,Dinner,EGG CURRY
05-04-2018,Dinner,GARDEN SALAD
05-04-2018,Dinner,raitha
05-04-2018,Dinner,Sambar
05-04-2018,Dinner,STEAM RICE
05-04-2018,Lunch,CHAPATI
05-04-2018,Lunch,CHICKEN MAKHANI
05-04-2018,Lunch,chole MASALA
05-04-2018,Lunch,MIX VEG
05-04-2018,Lunch,raitha
05-04-2018,Lunch,PEAS PULAO
05-04-2018,Lunch,Sambar
05-04-2018,Lunch,VINEGAR ONION
06-04-2018,Dinner,CHAPATI
06-04-2018,Dinner,CUCUMBER SALAD
06-04-2018,Dinner,DAL LAHSUNI
06-04-2018,Dinner,EGG MASALA
06-04-2018,Dinner,raitha
06-04-2018,Dinner,Sambar
06-04-2018,Dinner,STEAM RICE
06-04-2018,Dinner,veg KOFTA CURRY
06-04-2018,Lunch,fish curry
06-04-2018,Lunch,CHAPATI
06-04-2018,Lunch,DAL MAKHANI
06-04-2018,Lunch,raitha
06-04-2018,Lunch,GREEN SALAD
06-04-2018,Lunch,JEERA RICE
06-04-2018,Lunch,PANEER DO pyaza
06-04-2018,Lunch,RICE KHEER
06-04-2018,Lunch,Sambar
07-04-2018,Dinner,ALOO CAPSICUM
07-04-2018,Dinner,CHAPATI
07-04-2018,Dinner,CHICKEN LABABDAR
07-04-2018,Dinner,FINGER SALAD
07-04-2018,Dinner,raitha
07-04-2018,Dinner,RAJMA
07-04-2018,Dinner,Sambar
07-04-2018,Dinner,STEAM RICE
07-04-2018,Lunch,CHAPATI
07-04-2018,Lunch,CHICKEN CHETTINAD
07-04-2018,Lunch,DAL
07-04-2018,Lunch,dosa ALOO
07-04-2018,Lunch,GREEN SALAD
07-04-2018,Lunch,Sambar
07-04-2018,Lunch,raitha
07-04-2018,Lunch,TOMATO RICE
08-04-2018,Dinner,ALOO GOBHI ADRKI
08-04-2018,Dinner,CHAPATI
08-04-2018,Dinner,EGG CURRY
08-04-2018,Dinner,Lobhiya Dal
08-04-2018,Dinner,raitha
08-04-2018,Dinner,SALAD HARA bhara
08-04-2018,Dinner,Sambar
08-04-2018,Dinner,STEAM RICE
08-04-2018,Lunch,raitha
08-04-2018,Lunch,CHAPATI
08-04-2018,Lunch,CHICKEN BIRYANI
08-04-2018,Lunch,GREEN SALAD
08-04-2018,Lunch,MIRCHI BAIGAN KA SALAN
08-04-2018,Lunch,Sambar
08-04-2018,Lunch,VEG BIRYANI
16-04-2018,Dinner,CHAPATI
16-04-2018,Dinner,DAL JAIPURI
16-04-2018,Dinner,EGG CURRY
16-04-2018,Dinner,KADHAI VEG
16-04-2018,Dinner,raitha
16-04-2018,Dinner,SALAD HARA BHARA
16-04-2018,Dinner,SAMBAR
16-04-2018,Dinner,STEAM RICE
16-04-2018,lunch,ALOO TAMATRI
16-04-2018,lunch,CHAPATI
16-04-2018,lunch,DHABA CHICKEN 
16-04-2018,lunch,GREEN SALAD
16-04-2018,lunch,raitha
16-04-2018,lunch,RAJMA MASALA
16-04-2018,lunch,Sambar
16-04-2018,lunch,STEAM RICE
17-04-2018,Dinner,ALOO GOBHI ADRKI
17-04-2018,Dinner,CHAPATI
17-04-2018,Dinner,DAL tiranga
17-04-2018,Dinner,raitha
17-04-2018,Dinner,EGG CURRY
17-04-2018,Dinner,MIX SALAD
17-04-2018,Dinner,Sambar
17-04-2018,Dinner,STEAM RICE
17-04-2018,Lunch,BLACK MASOOR DAL
17-04-2018,Lunch,raitha
17-04-2018,Lunch,BUTTER CHICKEN
17-04-2018,Lunch,CHAPATI
17-04-2018,Lunch,GULAB JAMUN
17-04-2018,Lunch,PALAK PANEER
17-04-2018,Lunch,Sambar
17-04-2018,Lunch,SPROUT SALAD
17-04-2018,Lunch,STEAM RICE
18-04-2018,Dinner,CHAPATI
18-04-2018,Dinner,CHICKEN  CURRY
18-04-2018,Dinner,raitha
18-04-2018,Dinner,DAL MAKHANI
18-04-2018,Dinner,FINGER SALAD
18-04-2018,Dinner,Sambar
18-04-2018,Dinner,SOYA KEEMA MUTTER
18-04-2018,Dinner,STEAM RICE
18-04-2018,Lunch,ALOO PALAK DRY
18-04-2018,Lunch,CHAPATI
18-04-2018,Lunch,CHUTNEY
18-04-2018,Lunch,EGG MASALA
18-04-2018,Lunch,LACHA ONION
18-04-2018,Lunch,PANJABI KADHI
18-04-2018,Lunch,Sambar
18-04-2018,Lunch,STEAM RICE
19-04-2018,Dinner,CHAPATI
19-04-2018,Dinner,DAL SULTANI
19-04-2018,Dinner,EGG CURRY
19-04-2018,Dinner,GARDEN SALAD
19-04-2018,Dinner,veg KOFTA CURRY
19-04-2018,Dinner,raitha
19-04-2018,Dinner,Sambar
19-04-2018,Dinner,STEAM RICE
19-04-2018,Lunch,CHAPATI
19-04-2018,Lunch,CHICKEN MAKHANI
19-04-2018,Lunch,chole AMRITSARI
19-04-2018,Lunch,MIX VEG
19-04-2018,Lunch,raitha
19-04-2018,Lunch,PEAS PULAO
19-04-2018,Lunch,Sambar
19-04-2018,Lunch,VINEGAR ONION
20-04-2018,Dinner,CHAPATI
20-04-2018,Dinner,CUCUMBER SALAD
20-04-2018,Dinner,DAL LAHSUNI
20-04-2018,Dinner,EGG MASALA
20-04-2018,Dinner,GHIYA MASALA
20-04-2018,Dinner,raitha
20-04-2018,Dinner,Sambar
20-04-2018,Dinner,STEAM RICE
20-04-2018,Lunch,fish curry
20-04-2018,Lunch,ALOO CHANA CHAT
20-04-2018,Lunch,BLACK CHANA
20-04-2018,Lunch,CHAPATI
20-04-2018,Lunch,raitha
20-04-2018,Lunch,JEERA RICE
20-04-2018,Lunch,PANEER LAZIJ
20-04-2018,Lunch,RICE KHEER
20-04-2018,Lunch,Sambar
21-04-2018,Dinner,BAIGAN BHRTA
21-04-2018,Dinner,CHAPATI
21-04-2018,Dinner,CHICKEN LABABDAR
21-04-2018,Dinner,DAL TADKA
21-04-2018,Dinner,FINGER SALAD
21-04-2018,Dinner,raitha
21-04-2018,Dinner,Sambar
21-04-2018,Dinner,STEAM RICE
21-04-2018,Lunch,CHAPATI
21-04-2018,Lunch,CHICKEN CHETTINAD
21-04-2018,Lunch,CURD RICE
21-04-2018,Lunch,DAL
21-04-2018,Lunch,dosa ALOO
21-04-2018,Lunch,GREEN SALAD
21-04-2018,Lunch,LEMON RICE
21-04-2018,Lunch,Sambar
22-04-2018,Dinner,CHAPATI
22-04-2018,Dinner,CHICKEN BIRYANI
22-04-2018,Dinner,EGG CURRY
22-04-2018,Dinner,raitha
22-04-2018,Dinner,nutrela MUTTER
22-04-2018,Dinner,RED MASOOR DAL
22-04-2018,Dinner,SALAD HARA bhara
22-04-2018,Dinner,Sambar
22-04-2018,Dinner,STEAM RICE
22-04-2018,Dinner,MIRCHI BAIGAN KA SALAN
22-04-2018,Lunch,raitha
22-04-2018,Lunch,CHAPATI
22-04-2018,Lunch,GREEN SALAD
22-04-2018,Lunch,Sambar
22-04-2018,Lunch,VEG BIRYANI
23-04-2018,Dinner,BHINDI ALOO
23-04-2018,Dinner,CHAPATI
23-04-2018,Dinner,DAL JAIPURI
23-04-2018,Dinner,EGG CURRY
23-04-2018,Dinner,raitha
23-04-2018,Dinner,SALAD HARA BHARA
23-04-2018,Dinner,SAMBAR
23-04-2018,Dinner,STEAM RICE
23-04-2018,lunch,CHANA SPROUT SALAD
23-04-2018,lunch,CHAPATI
23-04-2018,lunch,DHABA CHICKEN 
23-04-2018,lunch,raitha
23-04-2018,lunch,RAJMA MASALA
23-04-2018,lunch,Sambar
23-04-2018,lunch,SOYA PALAK
23-04-2018,lunch,STEAM RICE
24-04-2018,Dinner,CHAPATI
24-04-2018,Dinner,DAL tiranga
24-04-2018,Dinner,raitha
24-04-2018,Dinner,EGG CURRY
24-04-2018,Dinner,MIX SALAD
24-04-2018,Dinner,MIX VEG
24-04-2018,Dinner,Sambar
24-04-2018,Dinner,STEAM RICE
24-04-2018,Lunch,raitha
24-04-2018,Lunch,BUTTER CHICKEN
24-04-2018,Lunch,CHAPATI
24-04-2018,Lunch,DHABA DAL
24-04-2018,Lunch,fruit CUSTARD
24-04-2018,Lunch,GREEN SALAD
24-04-2018,Lunch,MUTTER PANEER
24-04-2018,Lunch,Sambar
24-04-2018,Lunch,STEAM RICE
25-04-2018,Dinner,CHAPATI
25-04-2018,Dinner,CHICKEN  CURRY
25-04-2018,Dinner,raitha
25-04-2018,Dinner,DAL MAKHANI
25-04-2018,Dinner,FINGER SALAD
25-04-2018,Dinner,Sambar
25-04-2018,Dinner,SOYA KEEMA MUTTER
25-04-2018,Dinner,STEAM RICE
25-04-2018,Lunch,ALOO beans
25-04-2018,Lunch,CHAPATI
25-04-2018,Lunch,CHUTNEY
25-04-2018,Lunch,EGG MASALA
25-04-2018,Lunch,LACHA ONION
25-04-2018,Lunch,PANJABI KADHI
25-04-2018,Lunch,Sambar
25-04-2018,Lunch,STEAM RICE
26-04-2018,Dinner,BLACK MASOOR DAL
26-04-2018,Dinner,CHAPATI
26-04-2018,Dinner,EGG CURRY
26-04-2018,Dinner,GARDEN SALAD
26-04-2018,Dinner,veg KOFTA CURRY
26-04-2018,Dinner,raitha
26-04-2018,Dinner,Sambar
26-04-2018,Dinner,STEAM RICE
26-04-2018,Lunch,CHAPATI
26-04-2018,Lunch,CHICKEN MAKHANI
26-04-2018,Lunch,chole AMRITSARI
26-04-2018,Lunch,raitha
26-04-2018,Lunch,PEAS PULAO
26-04-2018,Lunch,PETHA ACHARI
26-04-2018,Lunch,Sambar
26-04-2018,Lunch,VINEGAR ONION
27-04-2018,Dinner,ALOO MUTTER RASILA
27-04-2018,Dinner,CHAPATI
27-04-2018,Dinner,CUCUMBER SALAD
27-04-2018,Dinner,EGG MASALA
27-04-2018,Dinner,KALA CHANA
27-04-2018,Dinner,raitha
27-04-2018,Dinner,Sambar
27-04-2018,Dinner,STEAM RICE
27-04-2018,Lunch,fish curry
27-04-2018,Lunch,ALOO CHANA CHAT
27-04-2018,Lunch,CHAPATI
27-04-2018,Lunch,raitha
27-04-2018,Lunch,JEERA RICE
27-04-2018,Lunch,PALAK PANEER
27-04-2018,Lunch,RAJMA
27-04-2018,Lunch,Sambar
27-04-2018,Lunch,vermicelli KHEER
28-04-2018,Dinner,BAIGAN MASALA
28-04-2018,Dinner,CHAPATI
28-04-2018,Dinner,CHICKEN LABABDAR
28-04-2018,Dinner,DAL TADKA
28-04-2018,Dinner,FINGER SALAD
28-04-2018,Dinner,raitha
28-04-2018,Dinner,Sambar
28-04-2018,Dinner,STEAM RICE
28-04-2018,Lunch,CHAPATI
28-04-2018,Lunch,CHICKEN CHETTINAD
28-04-2018,Lunch,DAL
28-04-2018,Lunch,GREEN SALAD
28-04-2018,Lunch,Sambar
28-04-2018,Lunch,raitha
28-04-2018,Lunch,TOMATO RICE
28-04-2018,Lunch,VEG PORIYAL
29-04-2018,Dinner,ALOO GOBHI ADRKI
29-04-2018,Dinner,CHAPATI
29-04-2018,Dinner,EGG CURRY
29-04-2018,Dinner,raitha
29-04-2018,Dinner,RED MASOOR DAL
29-04-2018,Dinner,SALAD HARA bhara
29-04-2018,Dinner,Sambar
29-04-2018,Dinner,STEAM RICE
29-04-2018,Lunch,raitha
29-04-2018,Lunch,CHAPATI
29-04-2018,Lunch,CHICKEN BIRYANI
29-04-2018,Lunch,GREEN SALAD
29-04-2018,Lunch,MIRCHI BAIGAN KA SALAN
29-04-2018,Lunch,Sambar
29-04-2018,Lunch,VEG BIRYANI
30-04-2018,Dinner,ACHARI ALOO
30-04-2018,Dinner,CHAPATI
30-04-2018,Dinner,EGG CURRY
30-04-2018,Dinner,raitha
30-04-2018,Dinner,SALAD HARA BHARA
30-04-2018,Dinner,SAMBAR
30-04-2018,Dinner,STEAM RICE
30-04-2018,Dinner,UARD CHANA DAL
30-04-2018,lunch,CHAPATI
30-04-2018,lunch,DHABA CHICKEN 
30-04-2018,lunch,GHIYA TAMATRI
30-04-2018,lunch,GREEN SALAD
30-04-2018,lunch,raitha
30-04-2018,lunch,RAJMA MASALA
30-04-2018,lunch,Sambar
30-04-2018,lunch,STEAM RICE
01-05-2018,Dinner,CHAPATI
01-05-2018,Dinner,DAL tiranga
01-05-2018,Dinner,raitha
01-05-2018,Dinner,EGG CURRY
01-05-2018,Dinner,KADHAI VEG
01-05-2018,Dinner,MIX SALAD
01-05-2018,Dinner,Sambar
01-05-2018,Dinner,STEAM RICE
01-05-2018,Lunch,raitha
01-05-2018,Lunch,BUTTER CHICKEN
01-05-2018,Lunch,CHAPATI
01-05-2018,Lunch,DAL TADKA
01-05-2018,Lunch,PALAK PANEER
01-05-2018,Lunch,Sambar
01-05-2018,Lunch,SPROUT SALAD
01-05-2018,Lunch,STEAM RICE
01-05-2018,Lunch,SUJI halwa
02-05-2018,Dinner,CHAPATI
02-05-2018,Dinner,CHICKEN  CURRY
02-05-2018,Dinner,raitha
02-05-2018,Dinner,DAL MAKHANI
02-05-2018,Dinner,FINGER SALAD
02-05-2018,Dinner,Sambar
02-05-2018,Dinner,SOYA KEEMA MUTTER
02-05-2018,Dinner,STEAM RICE
02-05-2018,Lunch,ALOO CAPSICUM
02-05-2018,Lunch,CHAPATI
02-05-2018,Lunch,CHUTNEY
02-05-2018,Lunch,EGG MASALA
02-05-2018,Lunch,LACHA ONION
02-05-2018,Lunch,PANJABI KADHI
02-05-2018,Lunch,Sambar
02-05-2018,Lunch,STEAM RICE
03-05-2018,Dinner,CHAPATI
03-05-2018,Dinner,EGG CURRY
03-05-2018,Dinner,GARDEN SALAD
03-05-2018,Dinner,veg KOFTA CURRY
03-05-2018,Dinner,raitha
03-05-2018,Dinner,MOONG DAL
03-05-2018,Dinner,Sambar
03-05-2018,Dinner,STEAM RICE
03-05-2018,Lunch,BLACK MASOOR DAL
03-05-2018,Lunch,CHAPATI
03-05-2018,Lunch,CHICKEN MAKHANI
03-05-2018,Lunch,raitha
03-05-2018,Lunch,PEAS PULAO
03-05-2018,Lunch,Sambar
03-05-2018,Lunch,TAWA VEG
03-05-2018,Lunch,VINEGAR ONION
04-05-2018,Dinner,ALOO MUTTER RASILA
04-05-2018,Dinner,CHAPATI
04-05-2018,Dinner,CUCUMBER SALAD
04-05-2018,Dinner,DAL JAIPURI
04-05-2018,Dinner,EGG MASALA
04-05-2018,Dinner,raitha
04-05-2018,Dinner,Sambar
04-05-2018,Dinner,STEAM RICE
04-05-2018,Lunch,fish curry
04-05-2018,Lunch,ALOO CHANA CHAT
04-05-2018,Lunch,CHAPATI
04-05-2018,Lunch,raitha
04-05-2018,Lunch,JEERA RICE
04-05-2018,Lunch,PANEER DO pyaza
04-05-2018,Lunch,RAJMA
04-05-2018,Lunch,RICE phirni
04-05-2018,Lunch,Sambar
05-05-2018,Dinner,BAIGAN MASALA
05-05-2018,Dinner,CHAPATI
05-05-2018,Dinner,CHICKEN LABABDAR
05-05-2018,Dinner,DAL TADKA
05-05-2018,Dinner,FINGER SALAD
05-05-2018,Dinner,raitha
05-05-2018,Dinner,Sambar
05-05-2018,Dinner,STEAM RICE
05-05-2018,Lunch,CHAPATI
05-05-2018,Lunch,CHICKEN CHETTINAD
05-05-2018,Lunch,DAL
05-05-2018,Lunch,dosa ALOO
05-05-2018,Lunch,GREEN SALAD
05-05-2018,Lunch,Sambar
05-05-2018,Lunch,raitha
05-05-2018,Lunch,TOMATO RICE
06-05-2018,Dinner,BHINDI ALOO
06-05-2018,Dinner,CHAPATI
06-05-2018,Dinner,CHICKEN BIRYANI
06-05-2018,Dinner,DAL KABILA
06-05-2018,Dinner,EGG CURRY
06-05-2018,Dinner,raitha
06-05-2018,Dinner,SALAD HARA bhara
06-05-2018,Dinner,Sambar
06-05-2018,Dinner,STEAM RICE
06-05-2018,Lunch,raitha
06-05-2018,Lunch,CHAPATI
06-05-2018,Lunch,GREEN SALAD
06-05-2018,Lunch,MIRCHI BAIGAN KA SALAN
06-05-2018,Lunch,Sambar
06-05-2018,Lunch,VEG BIRYANI
07-05-2018,Dinner,CHAPATI
07-05-2018,Dinner,EGG CURRY
07-05-2018,Dinner,raitha
07-05-2018,Dinner,MIX VEG
07-05-2018,Dinner,SALAD HARA BHARA
07-05-2018,Dinner,SAMBAR
07-05-2018,Dinner,STEAM RICE
07-05-2018,Dinner,UARD CHANA DAL
07-05-2018,lunch,CHAPATI
07-05-2018,lunch,DHABA CHICKEN 
07-05-2018,lunch,GREEN SALAD
07-05-2018,lunch,jaljeera
07-05-2018,lunch,RAJMA MASALA
07-05-2018,lunch,Sambar
07-05-2018,lunch,SOYA PALAK
07-05-2018,lunch,STEAM RICE
08-05-2018,Dinner,CHAPATI
08-05-2018,Dinner,DAL tiranga
08-05-2018,Dinner,raitha
08-05-2018,Dinner,EGG CURRY
08-05-2018,Dinner,KARILA DO pyaza
08-05-2018,Dinner,MIX SALAD
08-05-2018,Dinner,Sambar
08-05-2018,Dinner,STEAM RICE
08-05-2018,Lunch,raitha
08-05-2018,Lunch,BUTTER CHICKEN
08-05-2018,Lunch,CHAPATI
08-05-2018,Lunch,DAL TADKA
08-05-2018,Lunch,FINGAR SALAD
08-05-2018,Lunch,GULAB JAMUN
08-05-2018,Lunch,KADHAI PANEER
08-05-2018,Lunch,Sambar
08-05-2018,Lunch,STEAM RICE
09-05-2018,Dinner,CHAPATI
09-05-2018,Dinner,CHICKEN  CURRY
09-05-2018,Dinner,COLESLAW SALAD
09-05-2018,Dinner,raitha
09-05-2018,Dinner,DAL MAKHANI
09-05-2018,Dinner,Sambar
09-05-2018,Dinner,SOYA KEEMA MUTTER
09-05-2018,Dinner,STEAM RICE
09-05-2018,Lunch,ALOO METHI DRY
09-05-2018,Lunch,CHAPATI
09-05-2018,Lunch,EGG MASALA
09-05-2018,Lunch,LACHA ONION
09-05-2018,Lunch,PANJABI KADHI
09-05-2018,Lunch,PAPAD
09-05-2018,Lunch,Sambar
09-05-2018,Lunch,STEAM RICE
10-05-2018,Dinner,CHAPATI
10-05-2018,Dinner,dumaloo
10-05-2018,Dinner,EGG CURRY
10-05-2018,Dinner,GARDEN SALAD
10-05-2018,Dinner,raitha
10-05-2018,Dinner,MOONG MASOOR DAL
10-05-2018,Dinner,Sambar
10-05-2018,Dinner,STEAM RICE
10-05-2018,Lunch,ALOO MUTTER RASILA
10-05-2018,Lunch,CHAPATI
10-05-2018,Lunch,CHICKEN MAKHANI
10-05-2018,Lunch,CHOLE MASALA
10-05-2018,Lunch,raitha
10-05-2018,Lunch,PEAS PULAO
10-05-2018,Lunch,Sambar
10-05-2018,Lunch,VINEGAR ONION
11-05-2018,Dinner,BLACK MASOOR DAL
11-05-2018,Dinner,CHAPATI
11-05-2018,Dinner,CUCUMBER SALAD
11-05-2018,Dinner,EGG MASALA
11-05-2018,Dinner,GHIYA TAMATRI
11-05-2018,Dinner,raitha
11-05-2018,Dinner,Sambar
11-05-2018,Dinner,STEAM RICE
11-05-2018,Lunch,fish curry
11-05-2018,Lunch,ALOO CHANA CHAT
11-05-2018,Lunch,CHAPATI
11-05-2018,Lunch,raitha
11-05-2018,Lunch,JEERA RICE
11-05-2018,Lunch,PALAK PANEER
11-05-2018,Lunch,RAJMA
11-05-2018,Lunch,Sambar
11-05-2018,Lunch,VERMICELLI KHEER
12-05-2018,Dinner,CHAPATI
12-05-2018,Dinner,CHICKEN LABABDAR
12-05-2018,Dinner,FINGER SALAD
12-05-2018,Dinner,raitha
12-05-2018,Dinner,MIX DAL
12-05-2018,Dinner,Sambar
12-05-2018,Dinner,STEAM RICE
12-05-2018,Dinner,veg KOFTA CURRY
12-05-2018,Lunch,CHAPATI
12-05-2018,Lunch,CHICKEN CHETTINAD
12-05-2018,Lunch,CURD RICE
12-05-2018,Lunch,DAL
12-05-2018,Lunch,GREEN SALAD
12-05-2018,Lunch,LEMON RICE
12-05-2018,Lunch,Sambar
12-05-2018,Lunch,VEG PORIYAL
13-05-2018,Dinner,ALOO beans
13-05-2018,Dinner,BLACK CHANA
13-05-2018,Dinner,CHAPATI
13-05-2018,Dinner,CHICKEN BIRYANI
13-05-2018,Dinner,EGG CURRY
13-05-2018,Dinner,raitha
13-05-2018,Dinner,SALAD HARA bhara
13-05-2018,Dinner,Sambar
13-05-2018,Dinner,STEAM RICE
13-05-2018,Lunch,raitha
13-05-2018,Lunch,CHAPATI
13-05-2018,Lunch,GREEN SALAD
13-05-2018,Lunch,Sambar
13-05-2018,Lunch,VEG BIRYANI
13-05-2018,Lunch,MIRCHI BAIGAN KA SALAN
14-05-2018,Dinner,CHANA DAL TADKA
14-05-2018,Dinner,CHAPATI
14-05-2018,Dinner,EGG CURRY
14-05-2018,Dinner,raitha
14-05-2018,Dinner,nutrela MUTTER
14-05-2018,Dinner,SALAD HARA BHARA
14-05-2018,Dinner,SAMBAR
14-05-2018,Dinner,STEAM RICE
14-05-2018,lunch,CHAPATI
14-05-2018,lunch,DHABA CHICKEN 
14-05-2018,lunch,GREEN SALAD
14-05-2018,lunch,KADHAI VEG
14-05-2018,lunch,raitha
14-05-2018,lunch,RAJMA MASALA
14-05-2018,lunch,Sambar
14-05-2018,lunch,STEAM RICE
15-05-2018,Dinner,ACHARI ALOO
15-05-2018,Dinner,CHAPATI
15-05-2018,Dinner,DHABA DAL
15-05-2018,Dinner,raitha
15-05-2018,Dinner,EGG CURRY
15-05-2018,Dinner,MIX SALAD
15-05-2018,Dinner,Sambar
15-05-2018,Dinner,STEAM RICE
15-05-2018,Lunch,raitha
15-05-2018,Lunch,BUTTER CHICKEN
15-05-2018,Lunch,CHAPATI
15-05-2018,Lunch,DAL SULTANI
15-05-2018,Lunch,FINGAR SALAD
15-05-2018,Lunch,PALAK PANEER
15-05-2018,Lunch,Sambar
15-05-2018,Lunch,STEAM RICE
15-05-2018,Lunch,SUJI HALWA
16-05-2018,Dinner,CHAPATI
16-05-2018,Dinner,CHICKEN  CURRY
16-05-2018,Dinner,COLESLAW SALAD
16-05-2018,Dinner,raitha
16-05-2018,Dinner,DAL MAKHANI
16-05-2018,Dinner,Sambar
16-05-2018,Dinner,SOYA KEEMA MUTTER
16-05-2018,Dinner,STEAM RICE
16-05-2018,Lunch,BHINDHI DO pyaza
16-05-2018,Lunch,CHAPATI
16-05-2018,Lunch,EGG MASALA
16-05-2018,Lunch,KADHI PAKODA
16-05-2018,Lunch,LACHA ONION
16-05-2018,Lunch,ROBZHA WATER
16-05-2018,Lunch,Sambar
16-05-2018,Lunch,STEAM RICE
17-05-2018,Dinner,CHAPATI
17-05-2018,Dinner,EGG CURRY
17-05-2018,Dinner,GARDEN SALAD
17-05-2018,Dinner,LOBHIYA DAL
17-05-2018,Dinner,raitha
17-05-2018,Dinner,Sambar
17-05-2018,Dinner,STEAM RICE
17-05-2018,Dinner,veg KOFTA CURRY
17-05-2018,Lunch,ALOO MUTTER RASILA
17-05-2018,Lunch,CHAPATI
17-05-2018,Lunch,CHICKEN MAKHANI
17-05-2018,Lunch,CHOLE MASALA
17-05-2018,Lunch,raitha
17-05-2018,Lunch,PEAS PULAO
17-05-2018,Lunch,Sambar
17-05-2018,Lunch,VINEGAR ONION
18-05-2018,Dinner,BAIGAN BHRTA
18-05-2018,Dinner,CHAPATI
18-05-2018,Dinner,CUCUMBER SALAD
18-05-2018,Dinner,EGG MASALA
18-05-2018,Dinner,ERD MASOOR DAL
18-05-2018,Dinner,raitha
18-05-2018,Dinner,Sambar
18-05-2018,Dinner,STEAM RICE
18-05-2018,Lunch,fish curry
18-05-2018,Lunch,ALOO CHANA CHAT
18-05-2018,Lunch,CHAPATI
18-05-2018,Lunch,raitha
18-05-2018,Lunch,JEERA RICE
18-05-2018,Lunch,KADHAI PANEER
18-05-2018,Lunch,RAJMA
18-05-2018,Lunch,RICE KHEER
18-05-2018,Lunch,Sambar
19-05-2018,Dinner,CHAPATI
19-05-2018,Dinner,CHICKEN LABABDAR
19-05-2018,Dinner,FINGER SALAD
19-05-2018,Dinner,GHIYA MASALA
19-05-2018,Dinner,raitha
19-05-2018,Dinner,KALA CHANA
19-05-2018,Dinner,Sambar
19-05-2018,Dinner,STEAM RICE
19-05-2018,Lunch,CHAPATI
19-05-2018,Lunch,CHICKEN CHETTINAD
19-05-2018,Lunch,DAL
19-05-2018,Lunch,GREEN SALAD
19-05-2018,Lunch,Sambar
19-05-2018,Lunch,raitha
19-05-2018,Lunch,TAWA VEG
19-05-2018,Lunch,TOMATO RICE
20-05-2018,Dinner,ALOO GOBHI ADRKI
20-05-2018,Dinner,BLACK MASOOR DAL
20-05-2018,Dinner,CHAPATI
20-05-2018,Dinner,EGG CURRY
20-05-2018,Dinner,raitha
20-05-2018,Dinner,SALAD HARA bhara
20-05-2018,Dinner,Sambar
20-05-2018,Dinner,STEAM RICE
20-05-2018,Lunch,raitha
20-05-2018,Lunch,CHAPATI
20-05-2018,Lunch,CHICKEN BIRYANI
20-05-2018,Lunch,GREEN SALAD
20-05-2018,Lunch,MIRCHI BAIGAN KA SALAN
20-05-2018,Lunch,Sambar
20-05-2018,Lunch,VEG BIRYANI
06-08-2018,Dinner,CHANA DAL TADKA
06-08-2018,Dinner,CHAPATI
06-08-2018,Dinner,EGG CURRY
06-08-2018,Dinner,KADHAI VEG
06-08-2018,Dinner,raitha
06-08-2018,Dinner,SALAD HARA BHARA
06-08-2018,Dinner,SAMBAR
06-08-2018,Dinner,STEAM RICE
06-08-2018,lunch,CHAPATI
06-08-2018,lunch,DHABA CHICKEN 
06-08-2018,lunch,GREEN SALAD
06-08-2018,lunch,raitha
06-08-2018,lunch,nutrela MUTTER
06-08-2018,lunch,RAJMA MASALA
06-08-2018,lunch,Sambar
06-08-2018,lunch,STEAM RICE
07-08-2018,Dinner,ALOO MUTTER DRY
07-08-2018,Dinner,CHAPATI
07-08-2018,Dinner,DHABA DAL
07-08-2018,Dinner,raitha
07-08-2018,Dinner,EGG CURRY
07-08-2018,Dinner,MIX SALAD
07-08-2018,Dinner,Sambar
07-08-2018,Dinner,STEAM RICE
07-08-2018,Lunch,raitha
07-08-2018,Lunch,BUTTER CHICKEN
07-08-2018,Lunch,CHAPATI
07-08-2018,Lunch,DAL SULTANI
07-08-2018,Lunch,FINGAR SALAD
07-08-2018,Lunch,PALAK PANEER
07-08-2018,Lunch,Sambar
07-08-2018,Lunch,STEAM RICE
07-08-2018,Lunch,vermicelli KHEER
08-08-2018,Dinner,CHAPATI
08-08-2018,Dinner,CHICKEN  CURRY
08-08-2018,Dinner,COLESLAW SALAD
08-08-2018,Dinner,raitha
08-08-2018,Dinner,DAL MAKHANI
08-08-2018,Dinner,Sambar
08-08-2018,Dinner,SOYA KEEMA MUTTER
08-08-2018,Dinner,STEAM RICE
08-08-2018,Lunch,ALOO beans
08-08-2018,Lunch,CHAPATI
08-08-2018,Lunch,EGG MASALA
08-08-2018,Lunch,JALJEERA
08-08-2018,Lunch,LACHA ONION
08-08-2018,Lunch,panjabi kadhi
08-08-2018,Lunch,Sambar
08-08-2018,Lunch,STEAM RICE
09-08-2018,Dinner,CHAPATI
09-08-2018,Dinner,DAL PALAK
09-08-2018,Dinner,EGG CURRY
09-08-2018,Dinner,GARDEN SALAD
09-08-2018,Dinner,raitha
09-08-2018,Dinner,Sambar
09-08-2018,Dinner,STEAM RICE
09-08-2018,Dinner,veg KOFTA CURRY
09-08-2018,Lunch,ALOO TAMATRI
09-08-2018,Lunch,CHAPATI
09-08-2018,Lunch,CHICKEN MAKHANI
09-08-2018,Lunch,CHOLE MASALA
09-08-2018,Lunch,raitha
09-08-2018,Lunch,PEAS PULAO
09-08-2018,Lunch,Sambar
09-08-2018,Lunch,VINEGAR ONION
10-08-2018,Dinner,BAIGAN MASALA
10-08-2018,Dinner,CHAPATI
10-08-2018,Dinner,CUCUMBER SALAD
10-08-2018,Dinner,DAL JAIPURI
10-08-2018,Dinner,EGG MASALA
10-08-2018,Dinner,raitha
10-08-2018,Dinner,Sambar
10-08-2018,Dinner,STEAM RICE
10-08-2018,Lunch,ALOO CHANA CHAT
10-08-2018,Lunch,BLACK MASOOR DAL
10-08-2018,Lunch,CHAPATI
10-08-2018,Lunch,CHICKEN ROGANJOSH
10-08-2018,Lunch,raitha
10-08-2018,Lunch,GULAB JAMUN
10-08-2018,Lunch,PANEER DO pyaza
10-08-2018,Lunch,Sambar
10-08-2018,Lunch,STEAM RICE
11-08-2018,Dinner,ALOO PALAK DRY
11-08-2018,Dinner,CHAPATI
11-08-2018,Dinner,CHICKEN LABABDAR
11-08-2018,Dinner,FINGER SALAD
11-08-2018,Dinner,raitha
11-08-2018,Dinner,RED MASOOR DAL
11-08-2018,Dinner,Sambar
11-08-2018,Dinner,STEAM RICE
11-08-2018,Lunch,CHAPATI
11-08-2018,Lunch,CHICKEN CURRY
11-08-2018,Lunch,GREEN SALAD
11-08-2018,Lunch,JEERA RICE
11-08-2018,Lunch,KALA CHANA
11-08-2018,Lunch,raitha
11-08-2018,Lunch,MIX VEG
11-08-2018,Lunch,Sambar
12-08-2018,Dinner,ALOO GOBHI ADRKI
12-08-2018,Dinner,CHAPATI
12-08-2018,Dinner,CHICKEN BIRYANI
12-08-2018,Dinner,DAL PANCHRATAN
12-08-2018,Dinner,EGG CURRY
12-08-2018,Dinner,MIRCHI BAIGAN KA SALAN
12-08-2018,Dinner,raitha
12-08-2018,Dinner,SALAD HARA bhara
12-08-2018,Dinner,Sambar
12-08-2018,Dinner,STEAM RICE
12-08-2018,Lunch,raitha
12-08-2018,Lunch,CHAPATI
12-08-2018,Lunch,GREEN SALAD
12-08-2018,Lunch,Sambar
12-08-2018,Lunch,VEG BIRYANI
13-08-2018,Dinner,ACHARI ALOO
13-08-2018,Dinner,CHANA DAL TADKA
13-08-2018,Dinner,CHAPATI
13-08-2018,Dinner,EGG CURRY
13-08-2018,Dinner,raitha
13-08-2018,Dinner,SALAD HARA BHARA
13-08-2018,Dinner,SAMBAR
13-08-2018,Dinner,STEAM RICE
13-08-2018,lunch,CHAPATI
13-08-2018,lunch,DHABA CHICKEN 
13-08-2018,lunch,GREEN SALAD
13-08-2018,lunch,raitha
13-08-2018,lunch,nutrela PALAK
13-08-2018,lunch,RAJMA MASALA
13-08-2018,lunch,Sambar
13-08-2018,lunch,STEAM RICE
14-08-2018,Dinner,CHAPATI
14-08-2018,Dinner,DHABA DAL
14-08-2018,Dinner,raitha
14-08-2018,Dinner,EGG CURRY
14-08-2018,Dinner,MIX SALAD
14-08-2018,Dinner,MIX VEG
14-08-2018,Dinner,Sambar
14-08-2018,Dinner,STEAM RICE
14-08-2018,Lunch,ALOO JEERA
14-08-2018,Lunch,CHAPATI
14-08-2018,Lunch,CHUTNEY
14-08-2018,Lunch,EGG MASALA
14-08-2018,Lunch,LACHA ONION
14-08-2018,Lunch,PANJABI KADHI
14-08-2018,Lunch,Sambar
14-08-2018,Lunch,STEAM RICE
15-08-2018,Dinner,BLACK MASOOR DAL
15-08-2018,Dinner,CHAPATI
15-08-2018,Dinner,CHICKEN  CURRY
15-08-2018,Dinner,COLESLAW SALAD
15-08-2018,Dinner,raitha
15-08-2018,Dinner,fruit CUSTARD
15-08-2018,Dinner,GHIYA TAMATRI
15-08-2018,Dinner,Sambar
15-08-2018,Dinner,STEAM RICE
15-08-2018,Lunch,BANDE MATRAM BHALLE
15-08-2018,Lunch,IN CLABI CHOLE
15-08-2018,Lunch,JAI JAWAN JAI KISHAN SALAD
15-08-2018,Lunch,chicken SALAMI
15-08-2018,Lunch,PURI
15-08-2018,Lunch,RANG DE BSHNTI PANEER
15-08-2018,Lunch,Sambar
15-08-2018,Lunch,tiranga RICE
16-08-2018,Dinner,CHAPATI
16-08-2018,Dinner,DAL PALAK
16-08-2018,Dinner,EGG CURRY
16-08-2018,Dinner,GARDEN SALAD
16-08-2018,Dinner,raitha
16-08-2018,Dinner,Sambar
16-08-2018,Dinner,STEAM RICE
16-08-2018,Dinner,veg KOFTA CURRY
16-08-2018,Lunch,CHAPATI
16-08-2018,Lunch,CHICKEN MAKHANI
16-08-2018,Lunch,DAL MAKHANI
16-08-2018,Lunch,dumaloo
16-08-2018,Lunch,raitha
16-08-2018,Lunch,PEAS PULAO
16-08-2018,Lunch,Sambar
16-08-2018,Lunch,VINEGAR ONION
17-08-2018,Dinner,BAIGAN BHRTA
17-08-2018,Dinner,CHAPATI
17-08-2018,Dinner,CUCUMBER SALAD
17-08-2018,Dinner,DAL JAIPURI
17-08-2018,Dinner,EGG MASALA
17-08-2018,Dinner,raitha
17-08-2018,Dinner,Sambar
17-08-2018,Dinner,STEAM RICE
17-08-2018,Lunch,CHAPATI
17-08-2018,Lunch,CHICKEN ROGANJOSH
17-08-2018,Lunch,raitha
17-08-2018,Lunch,KALA CHANA
17-08-2018,Lunch,Sambar
17-08-2018,Lunch,SPROUT SALAD
17-08-2018,Lunch,STEAM RICE
17-08-2018,Lunch,TAWA VEG
18-08-2018,Dinner,ALOO PALAK DRY
18-08-2018,Dinner,CHAPATI
18-08-2018,Dinner,CHICKEN LABABDAR
18-08-2018,Dinner,FINGER SALAD
18-08-2018,Dinner,raitha
18-08-2018,Dinner,RED MASOOR DAL
18-08-2018,Dinner,Sambar
18-08-2018,Dinner,STEAM RICE
18-08-2018,Lunch,CHAPATI
18-08-2018,Lunch,CHICKEN CURRY
18-08-2018,Lunch,GREEN SALAD
18-08-2018,Lunch,JEERA RICE
18-08-2018,Lunch,KADHAI PANEER
18-08-2018,Lunch,raitha
18-08-2018,Lunch,RAJMA RASILA
18-08-2018,Lunch,Sambar
19-08-2018,Dinner,CHAPATI
19-08-2018,Dinner,CHICKEN BIRYANI
19-08-2018,Dinner,DAL PANCHRATAN
19-08-2018,Dinner,EGG CURRY
19-08-2018,Dinner,raitha
19-08-2018,Dinner,nutrela MUTTER
19-08-2018,Dinner,SALAD HARA bhara
19-08-2018,Dinner,Sambar
19-08-2018,Dinner,Sambar
19-08-2018,Dinner,STEAM RICE
19-08-2018,Dinner,MIRCHI BAIGAN KA SALAN
19-08-2018,Lunch,raitha
19-08-2018,Lunch,CHAPATI
19-08-2018,Lunch,GREEN SALAD
19-08-2018,Lunch,VEG BIRYANI
27-08-2018,Dinner,BLACK MASOOR DAL
27-08-2018,Dinner,CHAPATI
27-08-2018,Dinner,dumaloo
27-08-2018,Dinner,EGG CURRY
27-08-2018,Dinner,raitha
27-08-2018,Dinner,SALAD HARA BHARA
27-08-2018,Dinner,SAMBAR
27-08-2018,Dinner,STEAM RICE
27-08-2018,lunch,CHAPATI
27-08-2018,lunch,DHABA CHICKEN 
27-08-2018,lunch,GREEN SALAD
27-08-2018,lunch,raitha
27-08-2018,lunch,RAJMA RASILA
27-08-2018,lunch,Sambar
27-08-2018,lunch,SOYABIN MASALA
27-08-2018,lunch,STEAM RICE
28-08-2018,Dinner,CHAPATI
28-08-2018,Dinner,DAL TIRANGA
28-08-2018,Dinner,raitha
28-08-2018,Dinner,EGG LAZIJ
28-08-2018,Dinner,MIX VEG
28-08-2018,Dinner,Sambar
28-08-2018,Dinner,STEAM RICE
28-08-2018,Lunch,raitha
28-08-2018,Lunch,CHAPATI
28-08-2018,Lunch,CHICKEN ROGAN JOOSH
28-08-2018,Lunch,DAL TADKA
28-08-2018,Lunch,FINGAR SALAD
28-08-2018,Lunch,KADHAI PANEER
28-08-2018,Lunch,Sambar
28-08-2018,Lunch,STEAM RICE
28-08-2018,lunch,vermicelli KHEER
29-08-2018,Dinner,CHAPATI
29-08-2018,Dinner,CHICKEN CURRY
29-08-2018,Dinner,coleslaw SALAD
29-08-2018,Dinner,raitha
29-08-2018,Dinner,DAL MAKHANI
29-08-2018,Dinner,Sambar
29-08-2018,Dinner,SOYA KEEMA MUTTER
29-08-2018,Dinner,STEAM RICE
29-08-2018,Lunch,ALOO DO pyaza
29-08-2018,Lunch,CHAPATI
29-08-2018,Lunch,CHUTNEY
29-08-2018,Lunch,EGG MASALA
29-08-2018,Lunch,LACHA ONION
29-08-2018,Lunch,PANJABI KADHI
29-08-2018,Lunch,Sambar
29-08-2018,Lunch,STEAM RICE
30-08-2018,Dinner,CHAPATI
30-08-2018,Dinner,cucumber SALAD
30-08-2018,Dinner,DAL jaipuri
30-08-2018,Dinner,EGG CURRY
30-08-2018,Dinner,VEG KOFTA CURRY
30-08-2018,Dinner,raitha
30-08-2018,Dinner,Sambar
30-08-2018,Dinner,STEAM RICE
30-08-2018,Lunch,ALOO MUTTER RASILA
30-08-2018,Lunch,CHANA MASALA
30-08-2018,Lunch,CHAPATI
30-08-2018,Lunch,CHICKEN MAKHANI
30-08-2018,Lunch,JEERA RICE
30-08-2018,Lunch,raitha
30-08-2018,Lunch,Sambar
30-08-2018,Lunch,VINEGAR ONION
31-08-2018,Dinner,ACHARI SALAD
31-08-2018,Dinner,ALOO GOBHI ADRKI
31-08-2018,Dinner,CHAPATI
31-08-2018,Dinner,EGG MASALA
31-08-2018,Dinner,KALA CHANA
31-08-2018,Dinner,raitha
31-08-2018,Dinner,Sambar
31-08-2018,Dinner,STEAM RICE
31-08-2018,Lunch,CHAPATI
31-08-2018,Lunch,CHICKEN ROGANJOSH
31-08-2018,Lunch,raitha
31-08-2018,Lunch,DAL LAHSUNI
31-08-2018,Lunch,PALAK PANEER
31-08-2018,Lunch,Sambar
31-08-2018,Lunch,SPROUT SALAD
31-08-2018,Lunch,STEAM RICE
31-08-2018,lunch,RICE phirni
01-09-2018,Dinner,BAIGAN MASALA
01-09-2018,Dinner,CHAPATI
01-09-2018,Dinner,CHICKEN LABABDAR
01-09-2018,Dinner,FINGER SALAD
01-09-2018,Dinner,raitha
01-09-2018,Dinner,MOONG MASOOR DAL
01-09-2018,Dinner,Sambar
01-09-2018,Dinner,STEAM RICE
01-09-2018,Lunch,ALOO beans
01-09-2018,Lunch,CHAPATI
01-09-2018,Lunch,FISH CURRY
01-09-2018,Lunch,GREEN SALAD
01-09-2018,Lunch,RAJMA
01-09-2018,Lunch,Sambar
01-09-2018,Lunch,STEAM RICE
01-09-2018,Lunch,raitha
02-09-2018,Dinner,CHAPATI
02-09-2018,Dinner,CHICKEN BIRYANI
02-09-2018,Dinner,DAL sultani
02-09-2018,Dinner,KADHAI VEG
02-09-2018,Dinner,MIRCHI BAIGAN KA SALAN
02-09-2018,Dinner,raitha
02-09-2018,Dinner,SALAD HARA BHARA
02-09-2018,Dinner,Sambar
02-09-2018,Dinner,Sambar
02-09-2018,Dinner,STEAM RICE
02-09-2018,Lunch,raitha
02-09-2018,Lunch,CHAPATI
02-09-2018,Lunch,GREEN SALAD
02-09-2018,Lunch,VEG BIRYANI
03-09-2018,Dinner,CHAPATI
03-09-2018,Dinner,EGG CURRY
03-09-2018,Dinner,MIX DAL
03-09-2018,Dinner,raitha
03-09-2018,Dinner,MIX VEG
03-09-2018,Dinner,SALAD HARA BHARA
03-09-2018,Dinner,SAMBAR
03-09-2018,Dinner,STEAM RICE
03-09-2018,lunch,raitha
03-09-2018,lunch,BUTTER CHICKEN
03-09-2018,lunch,CHAPATI
03-09-2018,lunch,DAL SULTANI
03-09-2018,lunch,GREEN SALAD
03-09-2018,lunch,MUTTER PANEER
03-09-2018,lunch,Sambar
03-09-2018,lunch,VEG PULAO
04-09-2018,Dinner,CHAPATI
04-09-2018,Dinner,raitha
04-09-2018,Dinner,EGG LAZIJ
04-09-2018,Dinner,HYDERABADI baigan
04-09-2018,Dinner,MALKA DAL
04-09-2018,Dinner,MIX SALAD
04-09-2018,Dinner,Sambar
04-09-2018,Dinner,STEAM RICE
04-09-2018,Lunch,ALOO DHANIYA
04-09-2018,Lunch,CHAPATI
04-09-2018,Lunch,CHUTNEY
04-09-2018,Lunch,EGG CURRY
04-09-2018,Lunch,KADHI PAKODA
04-09-2018,Lunch,LACHA ONION
04-09-2018,Lunch,Sambar
04-09-2018,Lunch,STEAM RICE
05-09-2018,Dinner,BHINDI ALOO
05-09-2018,Dinner,CHAPATI
05-09-2018,Dinner,CHICKEN CURRY
05-09-2018,Dinner,raitha
05-09-2018,Dinner,DAL jaipuri
05-09-2018,Dinner,Sambar
05-09-2018,Dinner,STEAM RICE
05-09-2018,Dinner,VINEGAR ONION
05-09-2018,Lunch,CHANA DAL TADKA
05-09-2018,Lunch,CHAPATI
05-09-2018,Lunch,EGG MASALA
05-09-2018,Lunch,GREEN SALAD
05-09-2018,Lunch,JEERA  Raitha
05-09-2018,Lunch,LAUKI KOFTA
05-09-2018,Lunch,Sambar
05-09-2018,Lunch,STEAM RICE
06-09-2018,Dinner,Lauki TAMATRI
06-09-2018,Dinner,CHAPATI
06-09-2018,Dinner,COLESLAW SALAD
06-09-2018,Dinner,DAL MAKHANI
06-09-2018,Dinner,EGG CURRY
06-09-2018,Dinner,raitha
06-09-2018,Dinner,peas pulao
06-09-2018,Dinner,Sambar
06-09-2018,Lunch,CHAPATI
06-09-2018,Lunch,CHICKEN MAKHANI
06-09-2018,Lunch,JEERA RICE
06-09-2018,Lunch,NUTRELA MUTTER
06-09-2018,Lunch,RAJMA MASALA
06-09-2018,Lunch,Sambar
06-09-2018,Lunch,SPROUT SALAD
06-09-2018,Lunch,raitha
07-09-2018,Dinner,BLACK MASOOR DAL
07-09-2018,Dinner,CHAPATI
07-09-2018,Dinner,EGG MASALA
07-09-2018,Dinner,garden salad
07-09-2018,Dinner,raitha
07-09-2018,Dinner,Sambar
07-09-2018,Dinner,STEAM RICE
07-09-2018,Dinner,tawa veg
07-09-2018,Lunch,ALOO MUTTER RASILA
07-09-2018,Lunch,CHAPATI
07-09-2018,Lunch,FISH CURRY
07-09-2018,Lunch,GREEN SALAD
07-09-2018,Lunch,RAJMA
07-09-2018,Lunch,Sambar
07-09-2018,Lunch,STEAM RICE
07-09-2018,Lunch,raitha
08-09-2018,Dinner,CHAPATI
08-09-2018,DINNER,CHICKEN LABABDAR
08-09-2018,Dinner,chole MASALA
08-09-2018,Dinner,FINGER SALAD
08-09-2018,Dinner,KHATTA MEETHA PETHA
08-09-2018,Dinner,raitha
08-09-2018,Dinner,Sambar
08-09-2018,Dinner,STEAM RICE
08-09-2018,Lunch,CHAPATI
08-09-2018,Lunch,CHICKEN ROGANJOSH
08-09-2018,Lunch,raitha
08-09-2018,Lunch,DHABA DAL
08-09-2018,LUNCH,FRUIT CUSTARD
08-09-2018,Lunch,GREEN SALAD
08-09-2018,Lunch,kadhai paneer
08-09-2018,Lunch,Sambar
08-09-2018,Lunch,STEAM RICE
09-09-2018,Dinner,CHAPATI
09-09-2018,Dinner,DAL PANCHRATAN
09-09-2018,Dinner,EGG CURRY
09-09-2018,Dinner,GARDEN SALAD
09-09-2018,Dinner,raitha
09-09-2018,Dinner,Sambar
09-09-2018,Dinner,SOYA CHAAP
09-09-2018,Dinner,STEAM RICE
09-09-2018,Lunch,raitha
09-09-2018,Lunch,CHAPATI
09-09-2018,Lunch,CHICKEN BIRYANI
09-09-2018,Lunch,GREEN SALAD
09-09-2018,Lunch,MIRCHI BAIGAN KA SALAN
09-09-2018,Lunch,Sambar
09-09-2018,Lunch,VEG BIRYANI
17-09-2018,Dinner,ALOO MUTTER DRY
17-09-2018,Dinner,CHAPATI
17-09-2018,Dinner,EGG CURRY
17-09-2018,Dinner,MIX DAL
17-09-2018,Dinner,raitha
17-09-2018,Dinner,SALAD HARA BHARA
17-09-2018,Dinner,SAMBAR
17-09-2018,Dinner,STEAM RICE
17-09-2018,lunch,BUTTER CHICKEN
17-09-2018,lunch,CHAPATI
17-09-2018,lunch,DHABA DAL
17-09-2018,lunch,GREEN SALAD
17-09-2018,lunch,KADHAI PANEER
17-09-2018,lunch,raitha
17-09-2018,lunch,Sambar
17-09-2018,lunch,STEAM RICE
17-09-2018,lunch,vermicelli KHEER
18-09-2018,Dinner,CHAPATI
18-09-2018,Dinner,DAL MAKHANI
18-09-2018,Dinner,raitha
18-09-2018,Dinner,EGG LAZIJ
18-09-2018,Dinner,GREEN SALAD
18-09-2018,Dinner,Sambar
18-09-2018,Dinner,SOYA KEEMA MUTTER
18-09-2018,Dinner,STEAM RICE
18-09-2018,Lunch,raitha
18-09-2018,Lunch,CHAPATI
18-09-2018,Lunch,CHUTNEY
18-09-2018,Lunch,EGG MASALA
18-09-2018,Lunch,GHIYA MASALA
18-09-2018,Lunch,LACHA ONION
18-09-2018,Lunch,Sambar
18-09-2018,Lunch,SINDHI KADHI
19-09-2018,Dinner,BAIGAN BHRTA
19-09-2018,Dinner,CHAPATI
19-09-2018,Dinner,CHICKEN CURRY
19-09-2018,Dinner,raitha
19-09-2018,Dinner,FINGER SALAD
19-09-2018,Dinner,MOONG MASOOR DAL
19-09-2018,Dinner,Sambar
19-09-2018,Dinner,STEAM RICE
19-09-2018,Lunch,ALOO TAMATRI
19-09-2018,Lunch,CHAPATI
19-09-2018,Lunch,CHICKEN DHABA
19-09-2018,Lunch,raitha
19-09-2018,Lunch,RAJMA MASALA
19-09-2018,Lunch,Sambar
19-09-2018,Lunch,sprout SALAD
19-09-2018,Lunch,STEAM RICE
20-09-2018,Dinner,ALOO PARBAL
20-09-2018,Dinner,BLACK MASOOR DAL
20-09-2018,Dinner,CHAPATI
20-09-2018,Dinner,COLESLAW SALAD
20-09-2018,Dinner,EGG CURRY
20-09-2018,Dinner,raitha
20-09-2018,Dinner,Sambar
20-09-2018,Dinner,STEAM RICE
20-09-2018,Lunch,CHAPATI
20-09-2018,Lunch,CHICKEN MAKHANI
20-09-2018,Lunch,raitha
20-09-2018,Lunch,PEAS PULAO
20-09-2018,Lunch,PETHA ACHARI
20-09-2018,Lunch,PINDI CHANA
20-09-2018,Lunch,Sambar
20-09-2018,Lunch,VINEGAR ONION
21-09-2018,Dinner,CHAPATI
21-09-2018,Dinner,DAL JAIPURI
21-09-2018,Dinner,EGG MASALA
21-09-2018,Dinner,garden salad
21-09-2018,Dinner,raitha
21-09-2018,Dinner,MIX VEG
21-09-2018,Dinner,Sambar
21-09-2018,Dinner,STEAM RICE
21-09-2018,Lunch,raitha
21-09-2018,Lunch,CHAPATI
21-09-2018,Lunch,CHICKEN CURRY
21-09-2018,Lunch,fruit custard
21-09-2018,Lunch,GREEN SALAD
21-09-2018,Lunch,KALA CHANA
21-09-2018,Lunch,PANEER BUTTER MASALA
21-09-2018,Lunch,Sambar
21-09-2018,Lunch,STEAM RICE
22-09-2018,Dinner,CHAPATI
22-09-2018,Dinner,CHICKEN LABABDAR
22-09-2018,Dinner,DAL MILONI
22-09-2018,Dinner,FINGER SALAD
22-09-2018,Dinner,raitha
22-09-2018,Dinner,Sambar
22-09-2018,Dinner,STEAM RICE
22-09-2018,Dinner,TORI MASALA
22-09-2018,Lunch,ACHARI SALAD
22-09-2018,Lunch,CHAPATI
22-09-2018,Lunch,FISH curry
22-09-2018,Lunch,nutrela MUTTER
22-09-2018,Lunch,RAJMA
22-09-2018,Lunch,Sambar
22-09-2018,Lunch,STEAM RICE
22-09-2018,Lunch,raitha
23-09-2018,Dinner,ALOO PALAK DRY
23-09-2018,Dinner,ARHAR DAL
23-09-2018,Dinner,CHAPATI
23-09-2018,Dinner,EGG CURRY
23-09-2018,Dinner,GARDEN SALAD
23-09-2018,Dinner,raitha
23-09-2018,Dinner,Sambar
23-09-2018,Dinner,STEAM RICE
23-09-2018,Lunch,raitha
23-09-2018,Lunch,CHAPATI
23-09-2018,Lunch,CHICKEN BIRYANI
23-09-2018,Lunch,GREEN SALAD
23-09-2018,Lunch,MIRCHI BAIGAN KA SALAN
23-09-2018,Lunch,Sambar
23-09-2018,Lunch,VEG BIRYANI
24-09-2018,Dinner,CHAPATI
24-09-2018,Dinner,EGG CURRY
24-09-2018,Dinner,raitha
24-09-2018,Dinner,MOONG MASOOR DAL
24-09-2018,Dinner,SAMBAR
24-09-2018,Dinner,soya chaap
24-09-2018,Dinner,STEAM RICE
24-09-2018,lunch,ALOO CAPSICUM
24-09-2018,lunch,BUTTER CHICKEN
24-09-2018,lunch,CHAPATI
24-09-2018,lunch,GREEN SALAD
24-09-2018,lunch,raitha
24-09-2018,lunch,RAJMA RASILA
24-09-2018,lunch,SALAD HARA BHARA
24-09-2018,lunch,Sambar
24-09-2018,lunch,STEAM RICE
25-09-2018,Dinner,CHAPATI
25-09-2018,Dinner,DAL tiranga
25-09-2018,Dinner,raitha
25-09-2018,Dinner,EGG LAZIJ
25-09-2018,Dinner,GREEN SALAD
25-09-2018,Dinner,MIX VEG
25-09-2018,Dinner,Sambar
25-09-2018,Dinner,STEAM RICE
25-09-2018,Lunch,raitha
25-09-2018,Lunch,CHAPATI
25-09-2018,Lunch,CHICKEN ROGAN JOOS
25-09-2018,Lunch,DHABA DAL
25-09-2018,Lunch,MUTTER PANEER
25-09-2018,Lunch,Sambar
25-09-2018,Lunch,SPROUT SALAD
25-09-2018,Lunch,STEAM RICE
25-09-2018,Lunch,SUJI HALWA
26-09-2018,Dinner,BAIGAN BHRTA
26-09-2018,Dinner,CHAPATI
26-09-2018,Dinner,CHICKEN CURRY
26-09-2018,Dinner,raitha
26-09-2018,Dinner,DALMAKHANI
26-09-2018,Dinner,FINGER SALAD
26-09-2018,Dinner,Sambar
26-09-2018,Dinner,STEAM RICE
26-09-2018,Lunch,CHAPATI
26-09-2018,Lunch,CHUTNEY
26-09-2018,Lunch,EGG MASALA
26-09-2018,Lunch,GHIYA MASALA
26-09-2018,Lunch,LACHA ONION
26-09-2018,Lunch,PANJABI KADHI
26-09-2018,Lunch,Sambar
26-09-2018,Lunch,STEAM RICE
27-09-2018,Dinner,ACHARI ALOO
27-09-2018,Dinner,BLACK MASOOR DAL
27-09-2018,Dinner,CHAPATI
27-09-2018,Dinner,COLESLAW SALAD
27-09-2018,Dinner,EGG CURRY
27-09-2018,Dinner,raitha
27-09-2018,Dinner,Sambar
27-09-2018,Dinner,STEAM RICE
27-09-2018,Lunch,CHAPATI
27-09-2018,Lunch,CHICKEN MAKHANI
27-09-2018,Lunch,CHOLE MASALA
27-09-2018,Lunch,dumaloo
27-09-2018,Lunch,JEERA RICE
27-09-2018,Lunch,raitha
27-09-2018,Lunch,Sambar
27-09-2018,Lunch,VINEGAR ONION
28-09-2018,Dinner,CHAPATI
28-09-2018,Dinner,EGG MASALA
28-09-2018,Dinner,garden salad
28-09-2018,Dinner,raitha
28-09-2018,Dinner,KALA CHANA
28-09-2018,Dinner,Sambar
28-09-2018,Dinner,SOYA BADI  MASALA
28-09-2018,Dinner,STEAM RICE
28-09-2018,Lunch,VEG IN HOT GARLIC SAUCE
28-09-2018,Lunch,CHAPATI
28-09-2018,Lunch,chilli CHICKEN
28-09-2018,Lunch,fruit custard
28-09-2018,Lunch,KIMCHI SALAD
28-09-2018,Lunch,Sambar
28-09-2018,Lunch,VEG fried RICE
28-09-2018,Lunch,VEG MANCHURIYAN
28-09-2018,Lunch,VEG SOUP
29-09-2018,Dinner,ALOO GOBHI ADRKI
29-09-2018,Dinner,CHAPATI
29-09-2018,Dinner,CHICKEN LABABDAR
29-09-2018,Dinner,DAL PANCHRATAN
29-09-2018,Dinner,LACHA ONION
29-09-2018,Dinner,raitha
29-09-2018,Dinner,Sambar
29-09-2018,Dinner,STEAM RICE
29-09-2018,Lunch,CHAPATI
29-09-2018,Lunch,raitha
29-09-2018,Lunch,DAL SULTANI
29-09-2018,Lunch,FISH CURRY
29-09-2018,Lunch,KACHUMBAR SALAD
29-09-2018,Lunch,PALAK PANEER
29-09-2018,Lunch,Sambar
29-09-2018,Lunch,STEAM RICE
29-09-2018,Lunch,vermicelli KHEER
30-09-2018,Dinner,CHAPATI
30-09-2018,Dinner,EGG CURRY
30-09-2018,Dinner,GARDEN SALAD
30-09-2018,Dinner,KADHAI VEG
30-09-2018,Dinner,raitha
30-09-2018,Dinner,RED MASOOR DAL
30-09-2018,Dinner,Sambar
30-09-2018,Dinner,STEAM RICE
30-09-2018,Lunch,raitha
30-09-2018,Lunch,CHAPATI
30-09-2018,Lunch,CHICKEN BIRYANI
30-09-2018,Lunch,GREEN SALAD
30-09-2018,Lunch,MIRCHI BAIGAN KA SALAN
30-09-2018,Lunch,Sambar
30-09-2018,Lunch,VEG BIRYANI
01-10-2018,Dinner,ALOO BEANS
01-10-2018,Dinner,BLACK MASOOR DAL
01-10-2018,Dinner,CHAPATI
01-10-2018,Dinner,EGG CURRY
01-10-2018,Dinner,raitha
01-10-2018,DINNER,SALAD HARA BHARA
01-10-2018,Dinner,SAMBAR
01-10-2018,Dinner,STEAM RICE
01-10-2018,lunch,BUTTER CHICKEN
01-10-2018,lunch,CHAPATI
01-10-2018,lunch,GREEN SALAD
01-10-2018,lunch,raitha
01-10-2018,lunch,NUTRELA PALAK
01-10-2018,lunch,RAJMA RASILA
01-10-2018,lunch,SAMBAR
01-10-2018,lunch,STEAM RICE
02-10-2018,Dinner,CHAPATI
02-10-2018,Dinner,raitha
02-10-2018,Dinner,EGG LAZIJ
02-10-2018,Dinner,GREEN SALAD
02-10-2018,Dinner,KADHAI VEG
02-10-2018,Dinner,MIX DAL
02-10-2018,Dinner,SAMBAR
02-10-2018,Dinner,STEAM RICE
02-10-2018,Lunch,raitha
02-10-2018,Lunch,CHAPATI
02-10-2018,Lunch,CHICKEN DHABA
02-10-2018,Lunch,GULAB JAMUN
02-10-2018,Lunch,KADHAI PANEER
02-10-2018,Lunch,SAMBAR
02-10-2018,Lunch,sprout SALAD
02-10-2018,Lunch,STEAM RICE
02-10-2018,Lunch,UARD CHANA DAL
03-10-2018,Dinner,CHAPATI
03-10-2018,Dinner,CHICKEN CURRY
03-10-2018,Dinner,raitha
03-10-2018,Dinner,dal makhani
03-10-2018,Dinner,FINGER SALAD
03-10-2018,Dinner,SAMBAR
03-10-2018,Dinner,SOYA KEEMA MUTTER
03-10-2018,Dinner,STEAM RICE
03-10-2018,Lunch,CHAPATI
03-10-2018,Lunch,EGG MASALA
03-10-2018,Lunch,KADHI pakoda
03-10-2018,Lunch,LACHA ONION
03-10-2018,Lunch,LAUKI MASALA
03-10-2018,Lunch,PAPAD
03-10-2018,Lunch,SAMBAR
03-10-2018,Lunch,STEAM RICE
04-10-2018,Dinner,CHAPATI
04-10-2018,Dinner,COLESLAW SALAD
04-10-2018,Dinner,DAL PALAK
04-10-2018,Dinner,EGG CURRY
04-10-2018,Dinner,raitha
04-10-2018,Dinner,SAMBAR
04-10-2018,Dinner,STEAM RICE
04-10-2018,Dinner,veg KOFTA CURRY
04-10-2018,Lunch,ALOO TAMATRI
04-10-2018,Lunch,HANDI CHICKEN
04-10-2018,Lunch,JEERA RICE
04-10-2018,Lunch,raitha
04-10-2018,Lunch,PINDI CHANA
04-10-2018,Lunch,PURI
04-10-2018,Lunch,SAMBAR
04-10-2018,Lunch,VINEGAR ONION
05-10-2018,Dinner,CHAPATI
05-10-2018,Dinner,DUM  ALOO KASMIRI
05-10-2018,Dinner,EGG MASALA
05-10-2018,Dinner,garden salad
05-10-2018,Dinner,raitha
05-10-2018,Dinner,kala chana
05-10-2018,Dinner,SAMBAR
05-10-2018,Dinner,STEAM RICE
05-10-2018,Lunch,ALOO CHANA CHAT
05-10-2018,Lunch,CHAPATI
05-10-2018,Lunch,raitha
05-10-2018,Lunch,DAL MAKHANI
05-10-2018,Lunch,FISH CURRY
05-10-2018,Lunch,PANEER DO PYAZA
05-10-2018,Lunch,SAMBAR
05-10-2018,Lunch,STEAM RICE
06-10-2018,Dinner,ALOO GOBHI ADRKI
06-10-2018,Dinner,CHAPATI
06-10-2018,Dinner,CHICKEN LABABDAR
06-10-2018,Dinner,DAL PANCHRATAN
06-10-2018,Dinner,LACHA ONION
06-10-2018,Dinner,raitha
06-10-2018,Dinner,SAMBAR
06-10-2018,Dinner,STEAM RICE
06-10-2018,Lunch,CHAPATI
06-10-2018,Lunch,CHICKEN CHETTINAD
06-10-2018,Lunch,dal
06-10-2018,Lunch,GREEN SALAD
06-10-2018,Lunch,PAYSAM 
06-10-2018,Lunch,SAMBAR
06-10-2018,Lunch,raitha
06-10-2018,Lunch,TOMATO RICE
06-10-2018,Lunch,VEG PORIYAL
07-10-2018,Dinner,ALOO PALAK DRY
07-10-2018,Dinner,CHAPATI
07-10-2018,Dinner,DAL SULTANI
07-10-2018,Dinner,EGG CURRY
07-10-2018,Dinner,GARDEN SALAD
07-10-2018,Dinner,raitha
07-10-2018,Dinner,Sambar
07-10-2018,Dinner,STEAM RICE
07-10-2018,Lunch,raitha
07-10-2018,Lunch,CHAPATI
07-10-2018,Lunch,CHICKEN BIRYANI
07-10-2018,Lunch,GREEN SALAD
07-10-2018,Lunch,MIRCHI baigan KA SALAN
07-10-2018,Lunch,SAMBAR
07-10-2018,Lunch,VEG BIRYANI
08-10-2018,Dinner,BLACK MASOOR DAL
08-10-2018,Dinner,BLACK MASOOR DAL
08-10-2018,Dinner,CHAPATI
08-10-2018,Dinner,CHAPATI
08-10-2018,Dinner,EGG CURRY
08-10-2018,Dinner,EGG CURRY
08-10-2018,DINNER,raitha
08-10-2018,DINNER,raitha
08-10-2018,DINNER,SALAD HARA BHARA
08-10-2018,DINNER,SALAD HARA BHARA
08-10-2018,Dinner,SAMBAR
08-10-2018,Dinner,SAMBAR
08-10-2018,Dinner,soya chaap
08-10-2018,Dinner,soya chaap
08-10-2018,Dinner,STEAM RICE
08-10-2018,Dinner,STEAM RICE
08-10-2018,lunch,ALOO TAMATRI
08-10-2018,lunch,ALOO TAMATRI
08-10-2018,lunch,CHAPATI
08-10-2018,lunch,CHAPATI
08-10-2018,lunch,FISH CURRY
08-10-2018,lunch,FISH CURRY
08-10-2018,lunch,GREEN SALAD
08-10-2018,lunch,GREEN SALAD
08-10-2018,lunch,raitha
08-10-2018,lunch,raitha
08-10-2018,lunch,RAJMA MASALA
08-10-2018,lunch,RAJMA MASALA
08-10-2018,lunch,SAMBAR
08-10-2018,lunch,SAMBAR
08-10-2018,lunch,STEAM RICE
08-10-2018,lunch,STEAM RICE
09-10-2018,Dinner,CHAPATI
09-10-2018,Dinner,CHAPATI
09-10-2018,Dinner,DAL TIRANGA
09-10-2018,Dinner,DAL TIRANGA
09-10-2018,Dinner,raitha
09-10-2018,Dinner,raitha
09-10-2018,Dinner,EGG LAZIJ
09-10-2018,Dinner,EGG LAZIJ
09-10-2018,Dinner,GREEN SALAD
09-10-2018,Dinner,GREEN SALAD
09-10-2018,Dinner,MIX VEG
09-10-2018,Dinner,MIX VEG
09-10-2018,Dinner,SAMBAR
09-10-2018,Dinner,SAMBAR
09-10-2018,Dinner,STEAM RICE
09-10-2018,Dinner,STEAM RICE
09-10-2018,Lunch,raitha
09-10-2018,Lunch,raitha
09-10-2018,Lunch,CHAPATI
09-10-2018,Lunch,CHAPATI
09-10-2018,Lunch,CHICKEN DHABA
09-10-2018,Lunch,CHICKEN DHABA
09-10-2018,Lunch,COCONUT LADOO
09-10-2018,Lunch,COCONUT LADOO
09-10-2018,Lunch,MUTTER PANEER
09-10-2018,Lunch,MUTTER PANEER
09-10-2018,Lunch,SAMBAR
09-10-2018,Lunch,SAMBAR
09-10-2018,lunch,sprout SALAD
09-10-2018,lunch,sprout SALAD
09-10-2018,Lunch,STEAM RICE
09-10-2018,Lunch,STEAM RICE
09-10-2018,Lunch,UARD CHANA DAL
09-10-2018,Lunch,UARD CHANA DAL
10-10-2018,Dinner,CHAPATI
10-10-2018,Dinner,CHAPATI
10-10-2018,Dinner,CHICKEN CURRY
10-10-2018,Dinner,CHICKEN CURRY
10-10-2018,Dinner,raitha
10-10-2018,Dinner,raitha
10-10-2018,Dinner,dal makhani
10-10-2018,Dinner,dal makhani
10-10-2018,Dinner,FINGER SALAD
10-10-2018,Dinner,FINGER SALAD
10-10-2018,Dinner,SAMBAR
10-10-2018,Dinner,SAMBAR
10-10-2018,Dinner,SOYA KEEMA MUTTER
10-10-2018,Dinner,SOYA KEEMA MUTTER
10-10-2018,Dinner,STEAM RICE
10-10-2018,Dinner,STEAM RICE
10-10-2018,Lunch,CHAPATI
10-10-2018,Lunch,CHAPATI
10-10-2018,Lunch,CHUTNEY
10-10-2018,Lunch,CHUTNEY
10-10-2018,Lunch,EGG MASALA
10-10-2018,Lunch,EGG MASALA
10-10-2018,Lunch,LACHA ONION
10-10-2018,Lunch,LACHA ONION
10-10-2018,Lunch,NUTRELA PALAK
10-10-2018,Lunch,NUTRELA PALAK
10-10-2018,Lunch,SAMBAR
10-10-2018,Lunch,SAMBAR
10-10-2018,Lunch,SINDHI KADHI
10-10-2018,Lunch,SINDHI KADHI
10-10-2018,Lunch,STEAM RICE
10-10-2018,Lunch,STEAM RICE
11-10-2018,Dinner,CHAPATI
11-10-2018,Dinner,CHAPATI
11-10-2018,Dinner,COLESLAW SALAD
11-10-2018,Dinner,COLESLAW SALAD
11-10-2018,Dinner,EGG CURRY
11-10-2018,Dinner,EGG CURRY
11-10-2018,Dinner,raitha
11-10-2018,Dinner,raitha
11-10-2018,Dinner,MOONG MASOOR DAL
11-10-2018,Dinner,MOONG MASOOR DAL
11-10-2018,Dinner,SAMBAR
11-10-2018,Dinner,SAMBAR
11-10-2018,Dinner,STEAM RICE
11-10-2018,Dinner,STEAM RICE
11-10-2018,Dinner,veg KOFTA CURRY
11-10-2018,Dinner,veg KOFTA CURRY
11-10-2018,Lunch,CHAPATI
11-10-2018,Lunch,CHAPATI
11-10-2018,Lunch,chole AMRITSARI
11-10-2018,Lunch,chole AMRITSARI
11-10-2018,Lunch,HANDI CHICKEN
11-10-2018,Lunch,HANDI CHICKEN
11-10-2018,Lunch,JEERA RICE
11-10-2018,Lunch,JEERA RICE
11-10-2018,Lunch,raitha
11-10-2018,Lunch,raitha
11-10-2018,Lunch,PETHA ACHARI
11-10-2018,Lunch,PETHA ACHARI
11-10-2018,Lunch,SAMBAR
11-10-2018,Lunch,SAMBAR
11-10-2018,Lunch,VINEGAR ONION
11-10-2018,Lunch,VINEGAR ONION
12-10-2018,Dinner,CHAPATI
12-10-2018,Dinner,CHAPATI
12-10-2018,Dinner,DUM  ALOO KASMIRI
12-10-2018,Dinner,DUM  ALOO KASMIRI
12-10-2018,Dinner,EGG MASALA
12-10-2018,Dinner,EGG MASALA
12-10-2018,Dinner,garden salad
12-10-2018,Dinner,garden salad
12-10-2018,Dinner,raitha
12-10-2018,Dinner,raitha
12-10-2018,Dinner,kala chana
12-10-2018,Dinner,kala chana
12-10-2018,Dinner,SAMBAR
12-10-2018,Dinner,SAMBAR
12-10-2018,Dinner,STEAM RICE
12-10-2018,Dinner,STEAM RICE
12-10-2018,Lunch,CHAPATI
12-10-2018,Lunch,CHAPATI
12-10-2018,Lunch,CHICKEN CURRY
12-10-2018,Lunch,CHICKEN CURRY
12-10-2018,Lunch,raitha
12-10-2018,Lunch,raitha
12-10-2018,Lunch,DAL TADKA
12-10-2018,Lunch,DAL TADKA
12-10-2018,Lunch,MIX SALAD
12-10-2018,Lunch,MIX SALAD
12-10-2018,Lunch,PANEER lazij
12-10-2018,Lunch,PANEER lazij
12-10-2018,Lunch,RICE KHEER
12-10-2018,Lunch,RICE KHEER
12-10-2018,Lunch,SAMBAR
12-10-2018,Lunch,SAMBAR
12-10-2018,Lunch,STEAM RICE
12-10-2018,Lunch,STEAM RICE
13-10-2018,Dinner,BAIGAN BHRTA
13-10-2018,Dinner,BAIGAN BHRTA
13-10-2018,Dinner,CHAPATI
13-10-2018,Dinner,CHAPATI
13-10-2018,Dinner,CHICKEN LABABDAR
13-10-2018,Dinner,CHICKEN LABABDAR
13-10-2018,Dinner,DAL JAIPURI
13-10-2018,Dinner,DAL JAIPURI
13-10-2018,Dinner,raitha
13-10-2018,Dinner,raitha
13-10-2018,Dinner,SAMBAR
13-10-2018,Dinner,SAMBAR
13-10-2018,Dinner,STEAM RICE
13-10-2018,Dinner,STEAM RICE
13-10-2018,Lunch,ALOO GOBHI ADRKI
13-10-2018,Lunch,ALOO GOBHI ADRKI
13-10-2018,Lunch,CHAPATI
13-10-2018,Lunch,CHAPATI
13-10-2018,Lunch,CHICKEN MAKHANI
13-10-2018,Lunch,CHICKEN MAKHANI
13-10-2018,Lunch,GREEN SALAD
13-10-2018,Lunch,GREEN SALAD
13-10-2018,Lunch,LACHA ONION
13-10-2018,Lunch,LACHA ONION
13-10-2018,Lunch,raitha
13-10-2018,Lunch,raitha
13-10-2018,Lunch,RAJMA RASILA
13-10-2018,Lunch,RAJMA RASILA
13-10-2018,Lunch,SAMBAR
13-10-2018,Lunch,SAMBAR
13-10-2018,Lunch,STEAM RICE
13-10-2018,Lunch,STEAM RICE
14-10-2018,Dinner,ALOO PALAK DRY
14-10-2018,Dinner,ALOO PALAK DRY
14-10-2018,Dinner,CHAPATI
14-10-2018,Dinner,CHAPATI
14-10-2018,Dinner,DAL SULTANI
14-10-2018,Dinner,DAL SULTANI
14-10-2018,Dinner,EGG CURRY
14-10-2018,Dinner,EGG CURRY
14-10-2018,Dinner,GARDEN SALAD
14-10-2018,Dinner,GARDEN SALAD
14-10-2018,Dinner,raitha
14-10-2018,Dinner,raitha
14-10-2018,Dinner,SAMBAR
14-10-2018,Dinner,SAMBAR
14-10-2018,Dinner,STEAM RICE
14-10-2018,Dinner,STEAM RICE
14-10-2018,Lunch,raitha
14-10-2018,Lunch,raitha
14-10-2018,Lunch,CHAPATI
14-10-2018,Lunch,CHAPATI
14-10-2018,Lunch,CHICKEN BIRYANI
14-10-2018,Lunch,CHICKEN BIRYANI
14-10-2018,Lunch,GREEN SALAD
14-10-2018,Lunch,GREEN SALAD
14-10-2018,Lunch,MIRCHI baigan KA SALAN
14-10-2018,Lunch,MIRCHI baigan KA SALAN
14-10-2018,Lunch,SAMBAR
14-10-2018,Lunch,SAMBAR
14-10-2018,Lunch,VEG BIRYANI
14-10-2018,Lunch,VEG BIRYANI
15-10-2018,Dinner,CHAPATI
15-10-2018,Dinner,EGG CURRY
15-10-2018,Dinner,raitha
15-10-2018,Dinner,MOONG MASOOR DAL
15-10-2018,Dinner,SALAD HARA BHARA
15-10-2018,Dinner,SAMBAR
15-10-2018,Dinner,soya chaap
15-10-2018,Dinner,STEAM RICE
15-10-2018,lunch,BUTTER CHICKEN
15-10-2018,lunch,CHAPATI
15-10-2018,lunch,raitha
15-10-2018,lunch,GREEN SALAD
15-10-2018,lunch,MIX VEG
15-10-2018,lunch,RAJMA RASILA
15-10-2018,lunch,Sambar
15-10-2018,lunch,STEAM RICE
16-10-2018,Dinner,CHAPATI
16-10-2018,Dinner,DAL tiranga
16-10-2018,Dinner,raitha
16-10-2018,Dinner,EGG LAZIJ
16-10-2018,Dinner,GHIYA MASALA
16-10-2018,Dinner,GREEN SALAD
16-10-2018,Dinner,Sambar
16-10-2018,Dinner,STEAM RICE
16-10-2018,Lunch,CHAPATI
16-10-2018,Lunch,CHICKEN ROGAN JOSH
16-10-2018,Lunch,raitha
16-10-2018,Lunch,DHABA DAL
16-10-2018,Lunch,MIX SALAD
16-10-2018,Lunch,PANEER lababdar
16-10-2018,Lunch,Sambar
16-10-2018,Lunch,STEAM RICE
16-10-2018,Lunch,SUJI HALWA
17-10-2018,Dinner,BAIGAN BHRTA
17-10-2018,Dinner,CHAPATI
17-10-2018,Dinner,CHICKEN CURRY
17-10-2018,Dinner,raitha
17-10-2018,Dinner,DALMAKHANI
17-10-2018,Dinner,FINGER SALAD
17-10-2018,Dinner,Sambar
17-10-2018,Dinner,STEAM RICE
17-10-2018,Lunch,ALOO CAPSICUM
17-10-2018,Lunch,CHAPATI
17-10-2018,Lunch,CHUTNEY
17-10-2018,Lunch,EGG MASALA
17-10-2018,Lunch,LACHA ONION
17-10-2018,Lunch,PANJABI KADHI
17-10-2018,Lunch,Sambar
17-10-2018,Lunch,STEAM RICE
18-10-2018,Dinner,ACHARI ALOO
18-10-2018,Dinner,CHAPATI
18-10-2018,Dinner,COLESLAW SALAD
18-10-2018,Dinner,DAL LAHSUNI
18-10-2018,Dinner,EGG CURRY
18-10-2018,Dinner,raitha
18-10-2018,Dinner,Sambar
18-10-2018,Dinner,STEAM RICE
18-10-2018,Lunch,CHAPATI
18-10-2018,Lunch,CHOLE MASALA
18-10-2018,Lunch,dumaloo
18-10-2018,Lunch,FISH CURRY
18-10-2018,Lunch,JEERA RICE
18-10-2018,Lunch,raitha
18-10-2018,Lunch,Sambar
18-10-2018,Lunch,VINEGAR ONION
19-10-2018,Dinner,CHAPATI
19-10-2018,Dinner,DAL tadka
19-10-2018,Dinner,EGG MASALA
19-10-2018,Dinner,garden salad
19-10-2018,Dinner,raitha
19-10-2018,Dinner,Sambar
19-10-2018,Dinner,SOYA BADI  MASALA
19-10-2018,Dinner,STEAM RICE
19-10-2018,Lunch,CHAPATI
19-10-2018,Lunch,CHICKEN MAKHANI
19-10-2018,Lunch,cucumber SALAD
19-10-2018,Lunch,KALA CHANA
19-10-2018,Lunch,raitha
19-10-2018,Lunch,PANEER DO pyaza
19-10-2018,Lunch,RICE KHEER
19-10-2018,Lunch,Sambar
19-10-2018,Lunch,STEAM RICE
20-10-2018,Dinner,ALOO GOBHI ADRKI
20-10-2018,Dinner,CHAPATI
20-10-2018,Dinner,CHICKEN LABABDAR
20-10-2018,Dinner,DAL PANCHRATAN
20-10-2018,Dinner,LACHA ONION
20-10-2018,Dinner,raitha
20-10-2018,Dinner,Sambar
20-10-2018,Dinner,STEAM RICE
20-10-2018,Lunch,ALOO PALAK
20-10-2018,Lunch,CHAPATI
20-10-2018,Lunch,CHICKEN CURRY
20-10-2018,Lunch,DAL SULTANI
20-10-2018,Lunch,raitha
20-10-2018,Lunch,KACHUMBAR SALAD
20-10-2018,Lunch,Sambar
20-10-2018,Lunch,STEAM RICE
21-10-2018,Dinner,CHAPATI
21-10-2018,Dinner,EGG CURRY
21-10-2018,Dinner,GARDEN SALAD
21-10-2018,Dinner,KADHAI VEG
21-10-2018,Dinner,raitha
21-10-2018,Dinner,RED MASOOR DAL
21-10-2018,Dinner,Sambar
21-10-2018,Dinner,STEAM RICE
21-10-2018,Lunch,raitha
21-10-2018,Lunch,CHAPATI
21-10-2018,Lunch,CHICKEN BIRYANI
21-10-2018,Lunch,GREEN SALAD
21-10-2018,Lunch,mirchi BAIGAN KA SALAN
21-10-2018,Lunch,Sambar
21-10-2018,Lunch,VEG BIRYANI
22-10-2018,Dinner,CHAPATI
22-10-2018,Dinner,DHABA DAL
22-10-2018,Dinner,EGG CURRY
22-10-2018,Dinner,GHIYA LSHUN
22-10-2018,Dinner,raitha
22-10-2018,Dinner,SALAD HARA BHARA
22-10-2018,Dinner,SAMBAR
22-10-2018,Dinner,STEAM RICE
22-10-2018,lunch,CHAPATI
22-10-2018,lunch,CHICKEN CURRY
22-10-2018,lunch,raitha
22-10-2018,lunch,GREEN SALAD
22-10-2018,lunch,dumaloo
22-10-2018,lunch,PINDI CHANA
22-10-2018,lunch,Sambar
22-10-2018,lunch,STEAM RICE
23-10-2018,Dinner,CHAPATI
23-10-2018,Dinner,DAL MAKHANI
23-10-2018,Dinner,EGG LAZIJ
23-10-2018,Dinner,HYDERABADI BAIGAN
23-10-2018,Dinner,raitha
23-10-2018,Dinner,Sambar
23-10-2018,Dinner,STEAM RICE
23-10-2018,Dinner,vinegar ONION
23-10-2018,Lunch,CHAPATI
23-10-2018,Lunch,CHICKEN ROGAN JOSH
23-10-2018,Lunch,RAITHA
23-10-2018,Lunch,DAL MALKA
23-10-2018,Lunch,kadhai PANEER
23-10-2018,Lunch,MIX SALAD
23-10-2018,Lunch,Sambar
23-10-2018,Lunch,STEAM RICE
23-10-2018,Lunch,VERMICELLI KHEER
24-10-2018,Dinner,CHANADAL TADKA
24-10-2018,Dinner,CHAPATI
24-10-2018,Dinner,CHICKEN CURRY
24-10-2018,Dinner,raitha
24-10-2018,Dinner,GARDEN SALAD
24-10-2018,Dinner,Sambar
24-10-2018,Dinner,soya chaap
24-10-2018,Dinner,STEAM RICE
24-10-2018,Lunch,ALOO beans
24-10-2018,Lunch,CHAPATI
24-10-2018,Lunch,CHUTNEY
24-10-2018,Lunch,EGG MASALA
24-10-2018,Lunch,LACHA ONION
24-10-2018,Lunch,PANJABI KADHI
24-10-2018,Lunch,Sambar
24-10-2018,Lunch,STEAM RICE
25-10-2018,Dinner,CHAPATI
25-10-2018,Dinner,COLESLAW SALAD
25-10-2018,Dinner,DAL LAHSUNI
25-10-2018,Dinner,EGG CURRY
25-10-2018,Dinner,LAUKI KOFTA
25-10-2018,Dinner,raitha
25-10-2018,Dinner,Sambar
25-10-2018,Dinner,STEAM RICE
25-10-2018,Lunch,fish curry
25-10-2018,Lunch,CHAPATI
25-10-2018,Lunch,KHATTA MEETHA PETHA
25-10-2018,Lunch,MOONG SPROUT SALAD
25-10-2018,Lunch,raitha
25-10-2018,Lunch,PEAS PULAO
25-10-2018,Lunch,rajma RASILA
25-10-2018,Lunch,Sambar
26-10-2018,Dinner,BLACK CHANA
26-10-2018,Dinner,CHAPATI
26-10-2018,Dinner,EGG MASALA
26-10-2018,Dinner,garden salad
26-10-2018,Dinner,raitha
26-10-2018,Dinner,MIX VEG
26-10-2018,Dinner,Sambar
26-10-2018,Dinner,STEAM RICE
26-10-2018,Lunch,raitha
26-10-2018,Lunch,CHAPATI
26-10-2018,Lunch,CHICKEN MAKHANI
26-10-2018,Lunch,green SALAD
26-10-2018,Lunch,mutter paneer
26-10-2018,Lunch,moong masoor dal
26-10-2018,Lunch,RICE PHIRNI
26-10-2018,Lunch,Sambar
26-10-2018,Lunch,STEAM RICE
27-10-2018,Dinner,CHAPATI
27-10-2018,Dinner,CHICKEN LABABDAR
27-10-2018,Dinner,DAL PANCHRATAN
27-10-2018,Dinner,LACHA ONION
27-10-2018,Dinner,raitha
27-10-2018,Dinner,NUTRELA MUTTER
27-10-2018,Dinner,Sambar
27-10-2018,Dinner,STEAM RICE
27-10-2018,Lunch,CHAPATI
27-10-2018,Lunch,CHILLI CHICKEN
27-10-2018,Lunch,KIMCHI SALAD
27-10-2018,Lunch,Sambar
27-10-2018,Lunch,VEG CIEAR SOUP
27-10-2018,Lunch,VEG IN HOT GARLIC SAUCE
27-10-2018,Lunch,VEG MANCHURIYAN
27-10-2018,Lunch,Veg FRIED RICE
28-10-2018,Dinner,CHAPATI
28-10-2018,Dinner,DOSA ALOO
28-10-2018,Dinner,EGG CURRY
28-10-2018,Dinner,GARDEN SALAD
28-10-2018,Dinner,raitha
28-10-2018,Dinner,rajma MASALA
28-10-2018,Dinner,Sambar
28-10-2018,Dinner,STEAM RICE
28-10-2018,Lunch,raitha
28-10-2018,Lunch,CHAPATI
28-10-2018,Lunch,CHICKEN BIRYANI
28-10-2018,Lunch,GREEN SALAD
28-10-2018,Lunch,mirchi BAIGAN KA SALAN
28-10-2018,Lunch,Sambar
28-10-2018,Lunch,VEG BIRYANI
29-10-2018,Dinner,CHAPATI
29-10-2018,Dinner,DAL MAKHANI
29-10-2018,Dinner,EGG CURRY
29-10-2018,Dinner,raitha
29-10-2018,Dinner,SALAD HARA BHARA
29-10-2018,Dinner,SAMBAR
29-10-2018,Dinner,SOYA KEEMA MUTTER
29-10-2018,Dinner,STEAM RICE
29-10-2018,lunch,BLACK MASOOR DAL
29-10-2018,lunch,CHAPATI
29-10-2018,lunch,CHICKEN CURRY
29-10-2018,lunch,raitha
29-10-2018,lunch,GREEN SALAD
29-10-2018,lunch,KADHAI VEG
29-10-2018,lunch,Sambar
29-10-2018,lunch,STEAM RICE
30-10-2018,Dinner,ACHARI ALOO
30-10-2018,Dinner,CHAPATI
30-10-2018,Dinner,cucumber SALAD
30-10-2018,Dinner,EGG MASALA
30-10-2018,Dinner,MIX DAL
30-10-2018,Dinner,raitha
30-10-2018,Dinner,Sambar
30-10-2018,Dinner,STEAM RICE
30-10-2018,Lunch,raitha
30-10-2018,Lunch,CHAPATI
30-10-2018,Lunch,CHICKEN ROGAN JOSH
30-10-2018,Lunch,DAL SULTANI
30-10-2018,Lunch,MIX SALAD
30-10-2018,Lunch,PALAK PANEER
30-10-2018,Lunch,Sambar
30-10-2018,Lunch,STEAM RICE
30-10-2018,Lunch,SUJI HALWA
31-10-2018,Dinner,CABBAGE CARROT MUTTER
31-10-2018,Dinner,CHANADAL TADKA
31-10-2018,Dinner,CHAPATI
31-10-2018,Dinner,CHICKEN CURRY
31-10-2018,Dinner,raitha
31-10-2018,Dinner,GARDEN SALAD
31-10-2018,Dinner,Sambar
31-10-2018,Dinner,STEAM RICE
31-10-2018,Lunch,CHAPATI
31-10-2018,Lunch,EGG MASALA
31-10-2018,Lunch,GHIYA MASALA
31-10-2018,Lunch,LACHA ONION
31-10-2018,Lunch,PANJABI KADHI
31-10-2018,Lunch,PAPAD
31-10-2018,Lunch,Sambar
31-10-2018,Lunch,STEAM RICE
